crop_name,crop_path,predicted_text,true_text
pic_062_jpg.rf.cfb8906f44523df3379fd0c7d39487f9.jpg,/content/work/crops_margin/pic_062_jpg.rf.cfb8906f44523df3379fd0c7d39487f9.jpg,ARE1LAR,AREDCAR
CarLongPlate661_jpg.rf.efad8cbdff4e024ded2e8bc7b25508dd.jpg,/content/work/crops_margin/CarLongPlate661_jpg.rf.efad8cbdff4e024ded2e8bc7b25508dd.jpg,51F5988I,51F59881
0269b68e1093b0be_jpg.rf.d849090c88004eebda423e5fc2874c19.jpg,/content/work/crops_margin/0269b68e1093b0be_jpg.rf.d849090c88004eebda423e5fc2874c19.jpg,48147FZ,481ZFZ
xemay1223_jpg.rf.e4e56a087afc65fca3506e4c6b0a800d.jpg,/content/work/crops_margin/xemay1223_jpg.rf.e4e56a087afc65fca3506e4c6b0a800d.jpg,59C161110,59C161110
CarLongPlateGen2183_jpg.rf.3f7f2178a93b3991083a48af8a979786.jpg,/content/work/crops_margin/CarLongPlateGen2183_jpg.rf.3f7f2178a93b3991083a48af8a979786.jpg,50LD044L11,50LD04411
CarLongPlateGen190_jpg.rf.5c58d72bd58fdb5430aa4c930eb93406.jpg,/content/work/crops_margin/CarLongPlateGen190_jpg.rf.5c58d72bd58fdb5430aa4c930eb93406.jpg,,
CarLongPlateGen1704_jpg.rf.78e47b24f6ebd7e43d423b012ea66568.jpg,/content/work/crops_margin/CarLongPlateGen1704_jpg.rf.78e47b24f6ebd7e43d423b012ea66568.jpg,51G39466,51G39466
CarLongPlate959_jpg.rf.6f23fea37c46ee73c14bf0d533ee07e5.jpg,/content/work/crops_margin/CarLongPlate959_jpg.rf.6f23fea37c46ee73c14bf0d533ee07e5.jpg,51F15585,51F15585
xemay1172_jpg.rf.7c249cdb35dc8fdaa7de2e9d8e58f0b3.jpg,/content/work/crops_margin/xemay1172_jpg.rf.7c249cdb35dc8fdaa7de2e9d8e58f0b3.jpg,51K38796,51K38796
CarLongPlate587_jpg.rf.af625b2056368789a073df3dadd39b1e.jpg,/content/work/crops_margin/CarLongPlate587_jpg.rf.af625b2056368789a073df3dadd39b1e.jpg,51F44614,51F44614
pic_412_jpg.rf.b048cc6feb0798b1e6561565babb9a69.jpg,/content/work/crops_margin/pic_412_jpg.rf.b048cc6feb0798b1e6561565babb9a69.jpg,5691AG14,5691AG14
xemay1219_jpg.rf.e5bb93854f2fd6584e9810eaeff20ec2.jpg,/content/work/crops_margin/xemay1219_jpg.rf.e5bb93854f2fd6584e9810eaeff20ec2.jpg,51L32640,51L32640
xemay281_jpg.rf.b9004c3e1aedea0227abc298cb5f7add.jpg,/content/work/crops_margin/xemay281_jpg.rf.b9004c3e1aedea0227abc298cb5f7add.jpg,53V97976,53V97976
Cars146_png_jpg.rf.9d4eaf13dc1bb65473995176700c9546.jpg,/content/work/crops_margin/Cars146_png_jpg.rf.9d4eaf13dc1bb65473995176700c9546.jpg,,
CarLongPlate397_jpg.rf.0a1bb50a7fb5ccdbae782dd8161c5eca.jpg,/content/work/crops_margin/CarLongPlate397_jpg.rf.0a1bb50a7fb5ccdbae782dd8161c5eca.jpg,51A85325,51A85325
WhatsApp-Image-2022-04-04-at-2-25-09-PM_jpeg_jpg.rf.16dc55fcdf5639fa50f8e6e33703fc03.jpg,/content/work/crops_margin/WhatsApp-Image-2022-04-04-at-2-25-09-PM_jpeg_jpg.rf.16dc55fcdf5639fa50f8e6e33703fc03.jpg,NWC9602,NWG9602
CarLongPlateGen3468_jpg.rf.8000e85662f72869065d2d9c9c82b5a2.jpg,/content/work/crops_margin/CarLongPlateGen3468_jpg.rf.8000e85662f72869065d2d9c9c82b5a2.jpg,51A01204,51A01204
1649292507307_jpg.rf.4c920459b889dc3db5fe3c57592f3011.jpg,/content/work/crops_margin/1649292507307_jpg.rf.4c920459b889dc3db5fe3c57592f3011.jpg,,21VBD
1649292507302_jpg.rf.33756b032c23c4f4af7579aed14448ef.jpg,/content/work/crops_margin/1649292507302_jpg.rf.33756b032c23c4f4af7579aed14448ef.jpg,3CPPAXX,1AXX
CarLongPlate488_jpg.rf.81b5b99579c87ac9e2074d903d3b9b9e.jpg,/content/work/crops_margin/CarLongPlate488_jpg.rf.81b5b99579c87ac9e2074d903d3b9b9e.jpg,51F59011,51F59011
CarLongPlateGen1639_jpg.rf.be4ee19496b47514d8993c8211ee29ed.jpg,/content/work/crops_margin/CarLongPlateGen1639_jpg.rf.be4ee19496b47514d8993c8211ee29ed.jpg,60A35981,60A35981
CarLongPlateGen1795_jpg.rf.7b00c7c9589ff863128f9b142fc096ba.jpg,/content/work/crops_margin/CarLongPlateGen1795_jpg.rf.7b00c7c9589ff863128f9b142fc096ba.jpg,51A90905,51A90905
CarLongPlateGen714_jpg.rf.7f6bf19e71bea9d00bc6a28c5a0ed722.jpg,/content/work/crops_margin/CarLongPlateGen714_jpg.rf.7f6bf19e71bea9d00bc6a28c5a0ed722.jpg,,
boderquandoi88_jpg.rf.32c8f7ecac98835c065c133718a7c2d6.jpg,/content/work/crops_margin/boderquandoi88_jpg.rf.32c8f7ecac98835c065c133718a7c2d6.jpg,,
02fee967ac39acf0_jpg.rf.b725ecccc693abf1be9b21c94aea6efe.jpg,/content/work/crops_margin/02fee967ac39acf0_jpg.rf.b725ecccc693abf1be9b21c94aea6efe.jpg,KAB0TL0S,FABOLUS
Cars365_png_jpg.rf.0ebe0c092db1944eb3bdaae98d38f13e.jpg,/content/work/crops_margin/Cars365_png_jpg.rf.0ebe0c092db1944eb3bdaae98d38f13e.jpg,TN21B20766,TN21BZ0768
CarLongPlateGen149_jpg.rf.d594e3ef06b4b49cffad39e2c5ce1ec0.jpg,/content/work/crops_margin/CarLongPlateGen149_jpg.rf.d594e3ef06b4b49cffad39e2c5ce1ec0.jpg,51F76354,51F76354
rotatequandoi56_jpg.rf.2b5c15ef533a91f3859692fd3f265df6.jpg,/content/work/crops_margin/rotatequandoi56_jpg.rf.2b5c15ef533a91f3859692fd3f265df6.jpg,TK5G3,TH5661
pic_128_jpg.rf.b4e72fef6e163e637bb96331492539ab.jpg,/content/work/crops_margin/pic_128_jpg.rf.b4e72fef6e163e637bb96331492539ab.jpg,4563,4563
pic_761_jpg.rf.a8a60523bf8706afec6d31a424669570.jpg,/content/work/crops_margin/pic_761_jpg.rf.a8a60523bf8706afec6d31a424669570.jpg,979VLKN,979VLD
xemayBigPlate184_jpg.rf.e7068bc53f415d8d79e1903c7dbdb68a.jpg,/content/work/crops_margin/xemayBigPlate184_jpg.rf.e7068bc53f415d8d79e1903c7dbdb68a.jpg,60014632,60U14632
CarLongPlateGen3443_jpg.rf.1f53ff997a2658d7cb03f8cf4e7e78cf.jpg,/content/work/crops_margin/CarLongPlateGen3443_jpg.rf.1f53ff997a2658d7cb03f8cf4e7e78cf.jpg,51F59011,51F59011
CarLongPlateGen1674_jpg.rf.f64a861233e0c7ddce34ed91d69b3c18.jpg,/content/work/crops_margin/CarLongPlateGen1674_jpg.rf.f64a861233e0c7ddce34ed91d69b3c18.jpg,51G43947,51G43947
CarLongPlateGen3713_jpg.rf.bb4e89f3c775b59866573c33922d4c31.jpg,/content/work/crops_margin/CarLongPlateGen3713_jpg.rf.bb4e89f3c775b59866573c33922d4c31.jpg,51G47340,51G47340
WhatsApp-Image-2022-04-04-at-2-25-06-PM_jpeg_jpg.rf.bd7a808d21138a1c3b3698d8b9d3ce6d.jpg,/content/work/crops_margin/WhatsApp-Image-2022-04-04-at-2-25-06-PM_jpeg_jpg.rf.bd7a808d21138a1c3b3698d8b9d3ce6d.jpg,YG1174B,PYG117B
CarLongPlateGen2212_jpg.rf.8c8530fb05504526bb5bb05e00c39dfd.jpg,/content/work/crops_margin/CarLongPlateGen2212_jpg.rf.8c8530fb05504526bb5bb05e00c39dfd.jpg,51G42971,51G42971
xemay1791_jpg.rf.526cc4a2b6dd37fdd850499b621b7e15.jpg,/content/work/crops_margin/xemay1791_jpg.rf.526cc4a2b6dd37fdd850499b621b7e15.jpg,59P18327,59P183257
xemay2365_jpg.rf.d370ed451ee87e7719834002c7077424.jpg,/content/work/crops_margin/xemay2365_jpg.rf.d370ed451ee87e7719834002c7077424.jpg,39T105297,59T105297
002901d9d194c4fb_jpg.rf.ba35ca49985646e7c1e01fb118f038d8.jpg,/content/work/crops_margin/002901d9d194c4fb_jpg.rf.ba35ca49985646e7c1e01fb118f038d8.jpg,ABF606,ABF606
xemay1408_jpg.rf.32cdf4bdc61636ece74b4ba7fb27509c.jpg,/content/work/crops_margin/xemay1408_jpg.rf.32cdf4bdc61636ece74b4ba7fb27509c.jpg,60B316391,60B316391
xemay1763_jpg.rf.b27d84b4a0ebf5d7156b27c4980c4903.jpg,/content/work/crops_margin/xemay1763_jpg.rf.b27d84b4a0ebf5d7156b27c4980c4903.jpg,59F113BS0,59F113860
CarLongPlateGen1178_jpg.rf.6fb6f73183f7eac9b04650a9a18a3707.jpg,/content/work/crops_margin/CarLongPlateGen1178_jpg.rf.6fb6f73183f7eac9b04650a9a18a3707.jpg,51G51332,51G51332
pic_706_jpg.rf.a6f4c9803a4b390275b2b14b829a1239.jpg,/content/work/crops_margin/pic_706_jpg.rf.a6f4c9803a4b390275b2b14b829a1239.jpg,K3222A,X322A
xemayBigPlate162_jpg.rf.e86497fd5ac0a20f34c2b3e380edd69c.jpg,/content/work/crops_margin/xemayBigPlate162_jpg.rf.e86497fd5ac0a20f34c2b3e380edd69c.jpg,94J10269,94S10269
CarLongPlateGen2831_jpg.rf.f3720eb6ccd50793ad89296381d5aa3e.jpg,/content/work/crops_margin/CarLongPlateGen2831_jpg.rf.f3720eb6ccd50793ad89296381d5aa3e.jpg,29A51796,29A51796
xemay873_jpg.rf.00d6510dc9267a90927b89f0b0b25738.jpg,/content/work/crops_margin/xemay873_jpg.rf.00d6510dc9267a90927b89f0b0b25738.jpg,59C2LB326,59C246326
CarLongPlateGen1143_jpg.rf.5c4fe76419c2f3053d713d8a209a7596.jpg,/content/work/crops_margin/CarLongPlateGen1143_jpg.rf.5c4fe76419c2f3053d713d8a209a7596.jpg,51F07973,51F07973
CarLongPlateGen1627_jpg.rf.22c6bf17a216b2071c94f00ab73412f9.jpg,/content/work/crops_margin/CarLongPlateGen1627_jpg.rf.22c6bf17a216b2071c94f00ab73412f9.jpg,51F44614,51F44614
xemay1445_jpg.rf.9bd5d8faf1e1c9c98a9d9fa7463f699a.jpg,/content/work/crops_margin/xemay1445_jpg.rf.9bd5d8faf1e1c9c98a9d9fa7463f699a.jpg,0B223399,63B223399
CarLongPlateGen2812_jpg.rf.7586af3e17749e5ec3406bfc8078a965.jpg,/content/work/crops_margin/CarLongPlateGen2812_jpg.rf.7586af3e17749e5ec3406bfc8078a965.jpg,51G48154,51G48154
xemayBigPlate197_jpg.rf.63a18be8d9eaf18409fdfa3d321eb5d3.jpg,/content/work/crops_margin/xemayBigPlate197_jpg.rf.63a18be8d9eaf18409fdfa3d321eb5d3.jpg,65N24474,65N24474
CarLongPlate425_jpg.rf.c9bf7d30aa5f74048de1b075a74991c5.jpg,/content/work/crops_margin/CarLongPlate425_jpg.rf.c9bf7d30aa5f74048de1b075a74991c5.jpg,51F59881,51F59881
CarLongPlateGen3128_jpg.rf.e9e746611de0763bcc4b27bacbf61d3b.jpg,/content/work/crops_margin/CarLongPlateGen3128_jpg.rf.e9e746611de0763bcc4b27bacbf61d3b.jpg,51G21670,51G21670
CarLongPlate553_jpg.rf.f3752d3de382f88976fdefedbf86f5ec.jpg,/content/work/crops_margin/CarLongPlate553_jpg.rf.f3752d3de382f88976fdefedbf86f5ec.jpg,51F22029,51F22029
CarLongPlateGen2952_jpg.rf.7e342328c5ee20ecc79897150b1867a1.jpg,/content/work/crops_margin/CarLongPlateGen2952_jpg.rf.7e342328c5ee20ecc79897150b1867a1.jpg,51F68784,51F68784
xemay2177_jpg.rf.ab1d91d4d7c7ee4014c5a26e3847aa9b.jpg,/content/work/crops_margin/xemay2177_jpg.rf.ab1d91d4d7c7ee4014c5a26e3847aa9b.jpg,5276L33,52T76433
CarLongPlateGen2855_jpg.rf.ef880b44412afacb6c857e4b5d8d047e.jpg,/content/work/crops_margin/CarLongPlateGen2855_jpg.rf.ef880b44412afacb6c857e4b5d8d047e.jpg,51G51008,51G51008
brightnessngoaigiao14_jpg.rf.ee7747e8ac8e1d7723b978582f13a753.jpg,/content/work/crops_margin/brightnessngoaigiao14_jpg.rf.ee7747e8ac8e1d7723b978582f13a753.jpg,80NG,80NG
CarLongPlateGen209_jpg.rf.379f575e943c30b38ab7742eb58303fa.jpg,/content/work/crops_margin/CarLongPlateGen209_jpg.rf.379f575e943c30b38ab7742eb58303fa.jpg,ULL004411,5OLD04411
xemay1773_jpg.rf.abd41258ecefe11a4f2c3da60ca0eff7.jpg,/content/work/crops_margin/xemay1773_jpg.rf.abd41258ecefe11a4f2c3da60ca0eff7.jpg,BF1856,48F31856
51-800px-Illinois_2017_License_Plate_V2_jpg.rf.51172fc08a90bf2f03ea12550c7c2058.jpg,/content/work/crops_margin/51-800px-Illinois_2017_License_Plate_V2_jpg.rf.51172fc08a90bf2f03ea12550c7c2058.jpg,75117,AP75117
xemay1138_jpg.rf.af36af1c64c67e2bf22723a556219d04.jpg,/content/work/crops_margin/xemay1138_jpg.rf.af36af1c64c67e2bf22723a556219d04.jpg,59A156L19,59X156419
CarLongPlateGen3780_jpg.rf.e397b23a8b459a228973e302d75a82f3.jpg,/content/work/crops_margin/CarLongPlateGen3780_jpg.rf.e397b23a8b459a228973e302d75a82f3.jpg,51G20536,51G20536
CarLongPlateGen98_jpg.rf.e8eb307d0005a1f43a88a1fc69b75316.jpg,/content/work/crops_margin/CarLongPlateGen98_jpg.rf.e8eb307d0005a1f43a88a1fc69b75316.jpg,,
CarLongPlate800_jpg.rf.fd479242950447736146a05280f40603.jpg,/content/work/crops_margin/CarLongPlate800_jpg.rf.fd479242950447736146a05280f40603.jpg,51A77529,51A77529
xemay574_jpg.rf.1796fdc680bb4e6a44bcb916b182ebe0.jpg,/content/work/crops_margin/xemay574_jpg.rf.1796fdc680bb4e6a44bcb916b182ebe0.jpg,59115042,59F115042
CarLongPlateGen3121_jpg.rf.560a3f04aadbb534903174ee45ebdbac.jpg,/content/work/crops_margin/CarLongPlateGen3121_jpg.rf.560a3f04aadbb534903174ee45ebdbac.jpg,51G29034,51G29034
CarLongPlate307_jpg.rf.de23385fd41895fdb8f7fec44cd3eb9a.jpg,/content/work/crops_margin/CarLongPlate307_jpg.rf.de23385fd41895fdb8f7fec44cd3eb9a.jpg,51A77529,51A77529
Cars196_png_jpg.rf.d5c3cea3920ed9d895bcb5f2fd240a42.jpg,/content/work/crops_margin/Cars196_png_jpg.rf.d5c3cea3920ed9d895bcb5f2fd240a42.jpg,,
CarLongPlateGen2350_jpg.rf.10c501496f95d8b5fe72d3a436a32fb3.jpg,/content/work/crops_margin/CarLongPlateGen2350_jpg.rf.10c501496f95d8b5fe72d3a436a32fb3.jpg,51A16598,51A16598
xemay2010_jpg.rf.18b41e17f9ed2af5172a205aa648801d.jpg,/content/work/crops_margin/xemay2010_jpg.rf.18b41e17f9ed2af5172a205aa648801d.jpg,63537G,B5S15378
images33_jpg.rf.2549d0b6e3008cb8726c0cc75afde93b.jpg,/content/work/crops_margin/images33_jpg.rf.2549d0b6e3008cb8726c0cc75afde93b.jpg,,A
cropquandoi107_jpg.rf.d5f30edb521ddb6c3d9934f061a1c16b.jpg,/content/work/crops_margin/cropquandoi107_jpg.rf.d5f30edb521ddb6c3d9934f061a1c16b.jpg,,
xemay2434_jpg.rf.c057393511be5ef881ace18d1072b112.jpg,/content/work/crops_margin/xemay2434_jpg.rf.c057393511be5ef881ace18d1072b112.jpg,331,54V38314
xemay2316_jpg.rf.09289e3493d8e528e455f4c5ddfb3550.jpg,/content/work/crops_margin/xemay2316_jpg.rf.09289e3493d8e528e455f4c5ddfb3550.jpg,310323,51U83423
CarLongPlateGen2974_jpg.rf.11e11805bf067528b2681981436104f5.jpg,/content/work/crops_margin/CarLongPlateGen2974_jpg.rf.11e11805bf067528b2681981436104f5.jpg,51G39466,51G39466
IMG_7038-conv_jpeg_jpg.rf.8e7e7c9737510d57e28fa97c8e9e31a1.jpg,/content/work/crops_margin/IMG_7038-conv_jpeg_jpg.rf.8e7e7c9737510d57e28fa97c8e9e31a1.jpg,H0T92QA6,HDT929A
CarLongPlateGen1471_jpg.rf.875b1dc1a8f15ecd330e54aa77ccf402.jpg,/content/work/crops_margin/CarLongPlateGen1471_jpg.rf.875b1dc1a8f15ecd330e54aa77ccf402.jpg,51F88270,51F88270
quandoi45_jpg.rf.7f743f56af248f120512e6153f4fafbc.jpg,/content/work/crops_margin/quandoi45_jpg.rf.7f743f56af248f120512e6153f4fafbc.jpg,TH493,TH4995
CarLongPlate181_jpg.rf.6ae12f2960c432fee90adf13a1f27dd3.jpg,/content/work/crops_margin/CarLongPlate181_jpg.rf.6ae12f2960c432fee90adf13a1f27dd3.jpg,5DZ1630,5DZ1630
54-2ecef463fdf2536f6243b20a7d8fb897_jpg.rf.5a34232ad776f90b77d5e4f474fb4d86.jpg,/content/work/crops_margin/54-2ecef463fdf2536f6243b20a7d8fb897_jpg.rf.5a34232ad776f90b77d5e4f474fb4d86.jpg,0L24,31529
pic_259_jpg.rf.bdeedbfb55112ba4c5d924fe8e736fb0.jpg,/content/work/crops_margin/pic_259_jpg.rf.bdeedbfb55112ba4c5d924fe8e736fb0.jpg,7227,71S39276
CarLongPlateGen1766_jpg.rf.2f481eb90fba567f9a0ad22d7e01da12.jpg,/content/work/crops_margin/CarLongPlateGen1766_jpg.rf.2f481eb90fba567f9a0ad22d7e01da12.jpg,61A30001,61A30001
xemay1500_jpg.rf.b635eca88b747ae649a6de3c7ad94857.jpg,/content/work/crops_margin/xemay1500_jpg.rf.b635eca88b747ae649a6de3c7ad94857.jpg,71S39276,71S39276
CarLongPlateGen2310_jpg.rf.e2e02c43d0fd1aa9eea2f7b85015acdc.jpg,/content/work/crops_margin/CarLongPlateGen2310_jpg.rf.e2e02c43d0fd1aa9eea2f7b85015acdc.jpg,51A89714,51A89714
CarLongPlate319_jpg.rf.9d0aead6501c01f75874b9d50b685999.jpg,/content/work/crops_margin/CarLongPlate319_jpg.rf.9d0aead6501c01f75874b9d50b685999.jpg,51F07973,51F07973
xemay222_jpg.rf.36b213f5f09b0b66215a2b2aec414fed.jpg,/content/work/crops_margin/xemay222_jpg.rf.36b213f5f09b0b66215a2b2aec414fed.jpg,61C106403,61C106403
xemayBigPlate115_jpg.rf.2140e382fbab636724a069bb98bfc1a0.jpg,/content/work/crops_margin/xemayBigPlate115_jpg.rf.2140e382fbab636724a069bb98bfc1a0.jpg,65M21044,65M21004
xemay2339_jpg.rf.df40938dcb5873a70fda6486f6d36d7a.jpg,/content/work/crops_margin/xemay2339_jpg.rf.df40938dcb5873a70fda6486f6d36d7a.jpg,59K3D,59K143840
CarLongPlate578_jpg.rf.9d98f4dbf66adb4ce08fa82105e07df9.jpg,/content/work/crops_margin/CarLongPlate578_jpg.rf.9d98f4dbf66adb4ce08fa82105e07df9.jpg,61A22959,61A22959
xemay784_jpg.rf.da2337e35ca31b8b13b8c0467b6aad8e.jpg,/content/work/crops_margin/xemay784_jpg.rf.da2337e35ca31b8b13b8c0467b6aad8e.jpg,54H1L882,54H14882
xemay822_jpg.rf.8bf9c0366abd5d2a37a6a2d0630570b1.jpg,/content/work/crops_margin/xemay822_jpg.rf.8bf9c0366abd5d2a37a6a2d0630570b1.jpg,54LL2L43,54L42443
CarLongPlateGen3746_jpg.rf.bc3bdc0b63fbe908a00d964df1e38ac1.jpg,/content/work/crops_margin/CarLongPlateGen3746_jpg.rf.bc3bdc0b63fbe908a00d964df1e38ac1.jpg,"3,00E+91","3,00E+91"
pic_021_jpg.rf.13e399c5e7756d34f57cd17f2b07a6e1.jpg,/content/work/crops_margin/pic_021_jpg.rf.13e399c5e7756d34f57cd17f2b07a6e1.jpg,82KUA,82KUA
xemay2059_jpg.rf.6fc4448ebf9476b1d649512333dad3c9.jpg,/content/work/crops_margin/xemay2059_jpg.rf.6fc4448ebf9476b1d649512333dad3c9.jpg,72L605,72L86035
CarLongPlateGen3014_jpg.rf.c1cc580ec977dd8aa3d846b5a7db8e34.jpg,/content/work/crops_margin/CarLongPlateGen3014_jpg.rf.c1cc580ec977dd8aa3d846b5a7db8e34.jpg,60A35981,60A35981
CarLongPlateGen1216_jpg.rf.1d6b111f891f234c0efce6426564edf3.jpg,/content/work/crops_margin/CarLongPlateGen1216_jpg.rf.1d6b111f891f234c0efce6426564edf3.jpg,51G29034,51G29034
CarLongPlateGen3076_jpg.rf.c841099ec8e2ba3e0cdcbce347bb00cc.jpg,/content/work/crops_margin/CarLongPlateGen3076_jpg.rf.c841099ec8e2ba3e0cdcbce347bb00cc.jpg,51A72110,51A72110
CarLongPlateGen293_jpg.rf.52ac3f5ccf552ce9cd1124981c552f28.jpg,/content/work/crops_margin/CarLongPlateGen293_jpg.rf.52ac3f5ccf552ce9cd1124981c552f28.jpg,61C0553,51C50553
CarLongPlateGen1570_jpg.rf.9661cf97235f61641f9ded347c99ee4b.jpg,/content/work/crops_margin/CarLongPlateGen1570_jpg.rf.9661cf97235f61641f9ded347c99ee4b.jpg,51F64619,51F64619
52-1024px-NJ_commercial_license_plate_XCJ-S77_jpg.rf.a2d995413cd540ffeba6e0b01b3e8108.jpg,/content/work/crops_margin/52-1024px-NJ_commercial_license_plate_XCJ-S77_jpg.rf.a2d995413cd540ffeba6e0b01b3e8108.jpg,,XCJS77
CarLongPlateGen2694_jpg.rf.ecdad26008760cb4fc5e93bbaf50a2bb.jpg,/content/work/crops_margin/CarLongPlateGen2694_jpg.rf.ecdad26008760cb4fc5e93bbaf50a2bb.jpg,D8250,58250
xemay1501_jpg.rf.7e0b94bba9480f7312ab5124cf0eaa98.jpg,/content/work/crops_margin/xemay1501_jpg.rf.7e0b94bba9480f7312ab5124cf0eaa98.jpg,62N136934,62N136934
xemay2155_jpg.rf.3ed397842f2a4e30c31b59d65c44e9e3.jpg,/content/work/crops_margin/xemay2155_jpg.rf.3ed397842f2a4e30c31b59d65c44e9e3.jpg,391393,59L213938
CarLongPlateGen1231_jpg.rf.5262da9a0ae856b18adc04275cf1ee9f.jpg,/content/work/crops_margin/CarLongPlateGen1231_jpg.rf.5262da9a0ae856b18adc04275cf1ee9f.jpg,51F07973,51F07973
CarLongPlateGen789_jpg.rf.131c3a84a4b03f9229fd7a0fde091fc1.jpg,/content/work/crops_margin/CarLongPlateGen789_jpg.rf.131c3a84a4b03f9229fd7a0fde091fc1.jpg,N1C52,
CarLongPlateGen3418_jpg.rf.dac1ae28b6ba49dfb19f38242a1086de.jpg,/content/work/crops_margin/CarLongPlateGen3418_jpg.rf.dac1ae28b6ba49dfb19f38242a1086de.jpg,51A89714,51A89714
xemay1258_jpg.rf.055e2b2b6ea5f45c02506cc455414f9e.jpg,/content/work/crops_margin/xemay1258_jpg.rf.055e2b2b6ea5f45c02506cc455414f9e.jpg,60V22445,60Y22445
xemay1513_jpg.rf.c772eb4f51757ad25ab125830f1752a8.jpg,/content/work/crops_margin/xemay1513_jpg.rf.c772eb4f51757ad25ab125830f1752a8.jpg,L7N90859,47N90859
xemay2404_jpg.rf.f3cd0b357cc5ce40dbc47f54c792d3fa.jpg,/content/work/crops_margin/xemay2404_jpg.rf.f3cd0b357cc5ce40dbc47f54c792d3fa.jpg,6A902673,69AB02673
CarLongPlate681_jpg.rf.90fb0879a6dadba8ee11c312174b11a1.jpg,/content/work/crops_margin/CarLongPlate681_jpg.rf.90fb0879a6dadba8ee11c312174b11a1.jpg,51F88270,51F88270
CarLongPlateGen70_jpg.rf.554cb19615ebd05aee159086e7f9d7ee.jpg,/content/work/crops_margin/CarLongPlateGen70_jpg.rf.554cb19615ebd05aee159086e7f9d7ee.jpg,51FH223,
pic_301_jpg.rf.d7dff0080c80cda5e215e181cf6abb2c.jpg,/content/work/crops_margin/pic_301_jpg.rf.d7dff0080c80cda5e215e181cf6abb2c.jpg,,
Cars211_png_jpg.rf.541f651f152e9eb820c3c09052c3edee.jpg,/content/work/crops_margin/Cars211_png_jpg.rf.541f651f152e9eb820c3c09052c3edee.jpg,F65022,F65022
pic_407_jpg.rf.104d78f3ebba73bfed7e00ad43888a64.jpg,/content/work/crops_margin/pic_407_jpg.rf.104d78f3ebba73bfed7e00ad43888a64.jpg,W5PFWNN,W5PFW
00e8e5e79255536f_jpg.rf.04e24b86d0c062773ed207e247043b8c.jpg,/content/work/crops_margin/00e8e5e79255536f_jpg.rf.04e24b86d0c062773ed207e247043b8c.jpg,CNK06N,CNK06N
FAG643_jpg.rf.60a627b13a5ab3135d15de79ec5fe2c3.jpg,/content/work/crops_margin/FAG643_jpg.rf.60a627b13a5ab3135d15de79ec5fe2c3.jpg,FAG643,FAG643
CarLongPlateGen450_jpg.rf.ee67960537a7c1eb3d97b32f8fe6a381.jpg,/content/work/crops_margin/CarLongPlateGen450_jpg.rf.ee67960537a7c1eb3d97b32f8fe6a381.jpg,,
pic_076_jpg.rf.1e3cd6f8ec1eb3ab1ca29de64b662a86.jpg,/content/work/crops_margin/pic_076_jpg.rf.1e3cd6f8ec1eb3ab1ca29de64b662a86.jpg,,SKX6336K
CarLongPlateGen3439_jpg.rf.1c6e867a8515a8af0ac29e1a2fe00ee0.jpg,/content/work/crops_margin/CarLongPlateGen3439_jpg.rf.1c6e867a8515a8af0ac29e1a2fe00ee0.jpg,430V3993,30V3993
pic_653_jpeg_jpg.rf.f989a0024f9c193a69224b39498d1a9a.jpg,/content/work/crops_margin/pic_653_jpeg_jpg.rf.f989a0024f9c193a69224b39498d1a9a.jpg,V0DKAA,V0DKAA
xemay764_jpg.rf.6344557e11d7d239a74c69e3b8466bcf.jpg,/content/work/crops_margin/xemay764_jpg.rf.6344557e11d7d239a74c69e3b8466bcf.jpg,53A66011,53X66011
brightnessquandoi29_jpg.rf.6164dd60066e6592992fe485ab6d92ef.jpg,/content/work/crops_margin/brightnessquandoi29_jpg.rf.6164dd60066e6592992fe485ab6d92ef.jpg,,
xemayBigPlate181_jpg.rf.54260f0766c0b2fd40041d43dc49073c.jpg,/content/work/crops_margin/xemayBigPlate181_jpg.rf.54260f0766c0b2fd40041d43dc49073c.jpg,66108913,66V108913
xemay2099_jpg.rf.82b05095282441762ccf9900563e389a.jpg,/content/work/crops_margin/xemay2099_jpg.rf.82b05095282441762ccf9900563e389a.jpg,191139,
CarLongPlateGen482_jpg.rf.21b34ef49dd1532acc1ffe70e50ab818.jpg,/content/work/crops_margin/CarLongPlateGen482_jpg.rf.21b34ef49dd1532acc1ffe70e50ab818.jpg,,
CarLongPlateGen3659_jpg.rf.9a807d80eb25aef491176b590f50c358.jpg,/content/work/crops_margin/CarLongPlateGen3659_jpg.rf.9a807d80eb25aef491176b590f50c358.jpg,51F15585,51F15585
CarLongPlateGen14_jpg.rf.4559f4376108562a56594a976a362d06.jpg,/content/work/crops_margin/CarLongPlateGen14_jpg.rf.4559f4376108562a56594a976a362d06.jpg,112,
CarLongPlate129_jpg.rf.9809ceef484f6adc88d1aaabaa081c4f.jpg,/content/work/crops_margin/CarLongPlate129_jpg.rf.9809ceef484f6adc88d1aaabaa081c4f.jpg,51A77529,51A77529
xemay762_jpg.rf.9f977e4c89c3f3971b057e4f77f668c7.jpg,/content/work/crops_margin/xemay762_jpg.rf.9f977e4c89c3f3971b057e4f77f668c7.jpg,77H119025,77H119025
CarLongPlate799_jpg.rf.478606ab082a81572271c83b4d3666d9.jpg,/content/work/crops_margin/CarLongPlate799_jpg.rf.478606ab082a81572271c83b4d3666d9.jpg,51A72078,51A72078
xemay424_jpg.rf.6ee2887c5e4e8dd45f69501451592b57.jpg,/content/work/crops_margin/xemay424_jpg.rf.6ee2887c5e4e8dd45f69501451592b57.jpg,59C139916,59C139916
CarLongPlate979_jpg.rf.9db18d136467e585a54ecbe2d64aabd7.jpg,/content/work/crops_margin/CarLongPlate979_jpg.rf.9db18d136467e585a54ecbe2d64aabd7.jpg,51F69259,51F69259
CarLongPlateGen3501_jpg.rf.f33666316b99c9cb54ef385788e465c7.jpg,/content/work/crops_margin/CarLongPlateGen3501_jpg.rf.f33666316b99c9cb54ef385788e465c7.jpg,51F88270,51F88270
CarLongPlateGen1346_jpg.rf.472f12cd216f6a7364459135b684e54d.jpg,/content/work/crops_margin/CarLongPlateGen1346_jpg.rf.472f12cd216f6a7364459135b684e54d.jpg,51C22237,51G22237
CarLongPlateGen1412_jpg.rf.70bc6c9d00e4d93bb52ad6062778e9e1.jpg,/content/work/crops_margin/CarLongPlateGen1412_jpg.rf.70bc6c9d00e4d93bb52ad6062778e9e1.jpg,1A72078,1A72078
Do-20You-20Need-20a-20Digital-20License-20Plate_-20One-20Sta_jpg.rf.bdfaa26ced0e32dca004567ba8f6e14d.jpg,/content/work/crops_margin/Do-20You-20Need-20a-20Digital-20License-20Plate_-20One-20Sta_jpg.rf.bdfaa26ced0e32dca004567ba8f6e14d.jpg,7WV1116,7MYZ126
xemay596_jpg.rf.4dd98509ec4d71c59ed028804cfe279c.jpg,/content/work/crops_margin/xemay596_jpg.rf.4dd98509ec4d71c59ed028804cfe279c.jpg,59S232928,59S232928
Cars182_png_jpg.rf.24873350ddf232c080d4548720fea0ca.jpg,/content/work/crops_margin/Cars182_png_jpg.rf.24873350ddf232c080d4548720fea0ca.jpg,VI2LAF,VI2LAF
CarLongPlateGen1065_jpg.rf.b27f189a1604080f833c00ef72f0a3b3.jpg,/content/work/crops_margin/CarLongPlateGen1065_jpg.rf.b27f189a1604080f833c00ef72f0a3b3.jpg,51A01204,51A01204
xemay2241_jpg.rf.a84493cd1039a32f6739d63dc8b21f73.jpg,/content/work/crops_margin/xemay2241_jpg.rf.a84493cd1039a32f6739d63dc8b21f73.jpg,54L42110,54L42110
CarLongPlateGen3579_jpg.rf.de7b5a1ed7d89cedf94fed002b377482.jpg,/content/work/crops_margin/CarLongPlateGen3579_jpg.rf.de7b5a1ed7d89cedf94fed002b377482.jpg,51G43947,51G43947
pic_274_jpg.rf.c478aba418b66e68c653ac78492caf43.jpg,/content/work/crops_margin/pic_274_jpg.rf.c478aba418b66e68c653ac78492caf43.jpg,KERALA,KERALA
Cars41_png_jpg.rf.fa02f9d51ddb8949aa7f86718d9e678d.jpg,/content/work/crops_margin/Cars41_png_jpg.rf.fa02f9d51ddb8949aa7f86718d9e678d.jpg,,TNTZDBG
CarLongPlateGen2591_jpg.rf.c624b1d31d4c7c0a598b0250a499d41f.jpg,/content/work/crops_margin/CarLongPlateGen2591_jpg.rf.c624b1d31d4c7c0a598b0250a499d41f.jpg,56N0666,56N0666
pic_052_jpg.rf.aa9e4cac0e4eb2206ba0e452703c6f05.jpg,/content/work/crops_margin/pic_052_jpg.rf.aa9e4cac0e4eb2206ba0e452703c6f05.jpg,0YNNHVE,OYIIHVE
CarLongPlateGen1544_jpg.rf.4efa4065200de2a1d270791a8553c06f.jpg,/content/work/crops_margin/CarLongPlateGen1544_jpg.rf.4efa4065200de2a1d270791a8553c06f.jpg,51A05227,51A05227
CarLongPlateGen3505_jpg.rf.992adb93750bd624529d827604f42894.jpg,/content/work/crops_margin/CarLongPlateGen3505_jpg.rf.992adb93750bd624529d827604f42894.jpg,51F22029,51F22029
CarLongPlate23_jpg.rf.445eea4c3eddb4b254131e62981023db.jpg,/content/work/crops_margin/CarLongPlate23_jpg.rf.445eea4c3eddb4b254131e62981023db.jpg,51G47281,51G47281
American-20license-20plate-20-x-2010-20different-20states-_-20Car_jpg.rf.82d41abfb5c95eb1acb5c3128e12a830.jpg,/content/work/crops_margin/American-20license-20plate-20-x-2010-20different-20states-_-20Car_jpg.rf.82d41abfb5c95eb1acb5c3128e12a830.jpg,GGC,GSC5691
55-D_NQ_NP_610094-MLM31234159132_062019-W_jpg.rf.3795f46f0bec310843a750b613915415.jpg,/content/work/crops_margin/55-D_NQ_NP_610094-MLM31234159132_062019-W_jpg.rf.3795f46f0bec310843a750b613915415.jpg,HAH1366,HAH1366
CarLongPlateGen2825_jpg.rf.8c805925ed1094319de6e85fca864409.jpg,/content/work/crops_margin/CarLongPlateGen2825_jpg.rf.8c805925ed1094319de6e85fca864409.jpg,51A75932,51A75932
xemay1868_jpg.rf.6f6a215202fe885b454086182c1e2a5a.jpg,/content/work/crops_margin/xemay1868_jpg.rf.6f6a215202fe885b454086182c1e2a5a.jpg,5T6169,54T56168
xemay300_jpg.rf.a9f8c653e9f24457d2a15cd17f20c718.jpg,/content/work/crops_margin/xemay300_jpg.rf.a9f8c653e9f24457d2a15cd17f20c718.jpg,54L39902,54L39902
CarLongPlateGen1356_jpg.rf.8bb687d3a856154419465db232edaea0.jpg,/content/work/crops_margin/CarLongPlateGen1356_jpg.rf.8bb687d3a856154419465db232edaea0.jpg,51A45974,51A45974
Cars111_png_jpg.rf.8aa7b7951bb3ff51cdc81edf79402311.jpg,/content/work/crops_margin/Cars111_png_jpg.rf.8aa7b7951bb3ff51cdc81edf79402311.jpg,MH20EE7598,MH20EE7598
CarLongPlateGen3621_jpg.rf.b4574b83288d1aba9b63d257db2391da.jpg,/content/work/crops_margin/CarLongPlateGen3621_jpg.rf.b4574b83288d1aba9b63d257db2391da.jpg,51A69172,51A69172
xemay159_jpg.rf.f2d9bb2c5e2ebc7ba056c6c685d09606.jpg,/content/work/crops_margin/xemay159_jpg.rf.f2d9bb2c5e2ebc7ba056c6c685d09606.jpg,59F129346,59F129346
xemay1904_jpg.rf.d738b31a4860acfdd4a62487f3d63c94.jpg,/content/work/crops_margin/xemay1904_jpg.rf.d738b31a4860acfdd4a62487f3d63c94.jpg,95G101643,95G101643
xemay605_jpg.rf.9f415eef36f7e2559faed281d70577f9.jpg,/content/work/crops_margin/xemay605_jpg.rf.9f415eef36f7e2559faed281d70577f9.jpg,59S131197,59S131197
CarLongPlate720_jpg.rf.3e39bcd1d4128d9e6e66b8412743c8b8.jpg,/content/work/crops_margin/CarLongPlate720_jpg.rf.3e39bcd1d4128d9e6e66b8412743c8b8.jpg,62A05195,62A05195
CarLongPlateGen948_jpg.rf.f17fa61aa70d0f5f66a366c0e327040f.jpg,/content/work/crops_margin/CarLongPlateGen948_jpg.rf.f17fa61aa70d0f5f66a366c0e327040f.jpg,51LL2,
quandoi88_jpg.rf.99405ecdffdce0fc9fbd803f422df0f5.jpg,/content/work/crops_margin/quandoi88_jpg.rf.99405ecdffdce0fc9fbd803f422df0f5.jpg,,
TOYDR_jpg.rf.8d49a2c346b7d94cfaffa43ccc6ab0e3.jpg,/content/work/crops_margin/TOYDR_jpg.rf.8d49a2c346b7d94cfaffa43ccc6ab0e3.jpg,TGVDR,T0YDR
rotatequandoi71_jpg.rf.2e6e55aa7675d77711f4abb9f1b31550.jpg,/content/work/crops_margin/rotatequandoi71_jpg.rf.2e6e55aa7675d77711f4abb9f1b31550.jpg,MMMTH5273,TH5273
0123f836ce94678a_jpg.rf.fe2bd61ffae503812d9adfb7388f3a8b.jpg,/content/work/crops_margin/0123f836ce94678a_jpg.rf.fe2bd61ffae503812d9adfb7388f3a8b.jpg,R290BNC,R290BNC
brightnessquandoi109_jpg.rf.f7b194917dde4a7f0447cacf50dba143.jpg,/content/work/crops_margin/brightnessquandoi109_jpg.rf.f7b194917dde4a7f0447cacf50dba143.jpg,,
CarLongPlateGen738_jpg.rf.1010ba9201dca4c04800e775b5ef83bf.jpg,/content/work/crops_margin/CarLongPlateGen738_jpg.rf.1010ba9201dca4c04800e775b5ef83bf.jpg,14414,
pic_494_jpg.rf.8afaa4ea9a2f7aa72d06d26fd37794d1.jpg,/content/work/crops_margin/pic_494_jpg.rf.8afaa4ea9a2f7aa72d06d26fd37794d1.jpg,USMC,USMCZ
CarLongPlateGen3646_jpg.rf.53012c7e9061486bdba96876c47eecca.jpg,/content/work/crops_margin/CarLongPlateGen3646_jpg.rf.53012c7e9061486bdba96876c47eecca.jpg,1F44614,1F44614
xemay1154_jpg.rf.ce536a9c90ba14a49d8d0df9a99714b4.jpg,/content/work/crops_margin/xemay1154_jpg.rf.ce536a9c90ba14a49d8d0df9a99714b4.jpg,59T187564,59T187564
pic_114_jpg.rf.3653ebb7b987a87c4f2835d558974edb.jpg,/content/work/crops_margin/pic_114_jpg.rf.3653ebb7b987a87c4f2835d558974edb.jpg,DZ70ZEW,0Z70ZEV
xemay246_jpg.rf.464b25e92840f078b07878ea03aac80f.jpg,/content/work/crops_margin/xemay246_jpg.rf.464b25e92840f078b07878ea03aac80f.jpg,95G101643,95G101643
CarLongPlateGen751_jpg.rf.6df8ad1a6efa1eb3de416b5648d7ed65.jpg,/content/work/crops_margin/CarLongPlateGen751_jpg.rf.6df8ad1a6efa1eb3de416b5648d7ed65.jpg,C51A1934,
CarLongPlateGen3829_jpg.rf.547dd25dbd3caf58b4ea2594646b95ff.jpg,/content/work/crops_margin/CarLongPlateGen3829_jpg.rf.547dd25dbd3caf58b4ea2594646b95ff.jpg,51F59881,51F59881
CarLongPlateGen1618_jpg.rf.947acbbf8f8db4c6d4b3475d563606d4.jpg,/content/work/crops_margin/CarLongPlateGen1618_jpg.rf.947acbbf8f8db4c6d4b3475d563606d4.jpg,51F16159,51F16159
CarLongPlate179_jpg.rf.91ee1441f2ddd2a8cfe2855397cde20e.jpg,/content/work/crops_margin/CarLongPlate179_jpg.rf.91ee1441f2ddd2a8cfe2855397cde20e.jpg,43A18650,43A18650
CarLongPlate867_jpg.rf.8619d642b339c4ce5bbe82f011ea2f13.jpg,/content/work/crops_margin/CarLongPlate867_jpg.rf.8619d642b339c4ce5bbe82f011ea2f13.jpg,61A22959,61A22959
xemay867_jpg.rf.d84e29e64ae78d56333bb7e1fde7cf9f.jpg,/content/work/crops_margin/xemay867_jpg.rf.d84e29e64ae78d56333bb7e1fde7cf9f.jpg,59K161L06,59M161406
CarLongPlateGen1116_jpg.rf.d945d24c36cc893cf29b97560fbe3b95.jpg,/content/work/crops_margin/CarLongPlateGen1116_jpg.rf.d945d24c36cc893cf29b97560fbe3b95.jpg,51F32488,51F32488
CarLongPlateGen3669_jpg.rf.b21c74ea564f9258919877a52c78d64a.jpg,/content/work/crops_margin/CarLongPlateGen3669_jpg.rf.b21c74ea564f9258919877a52c78d64a.jpg,51F59011,51F59011
CarLongPlateGen1446_jpg.rf.a923e1296c3b8160c03bb35a5cbe8526.jpg,/content/work/crops_margin/CarLongPlateGen1446_jpg.rf.a923e1296c3b8160c03bb35a5cbe8526.jpg,62A05516,62A05516
CarLongPlateGen1483_jpg.rf.6d282d023bc5fe207cf367ee179b0c9d.jpg,/content/work/crops_margin/CarLongPlateGen1483_jpg.rf.6d282d023bc5fe207cf367ee179b0c9d.jpg,51A01204,51A01204
boderquandoi7_jpg.rf.f26be795ffac9d513f417bd8598d977a.jpg,/content/work/crops_margin/boderquandoi7_jpg.rf.f26be795ffac9d513f417bd8598d977a.jpg,,
xemayBigPlate137_jpg.rf.9a1b3fc3b65eb8adf29b24d31379c6c6.jpg,/content/work/crops_margin/xemayBigPlate137_jpg.rf.9a1b3fc3b65eb8adf29b24d31379c6c6.jpg,69C111200,69C111200
Knowing-20What-20You-20Can-20and-20Cannot-20Do-20With-20Your_png_jpg.rf.44771d039c279d6136b6d3d7367df204.jpg,/content/work/crops_margin/Knowing-20What-20You-20Can-20and-20Cannot-20Do-20With-20Your_png_jpg.rf.44771d039c279d6136b6d3d7367df204.jpg,061460G1,GTT6606
CarLongPlateGen1157_jpg.rf.65dd9c1f7454ae86c37ba00f77a78548.jpg,/content/work/crops_margin/CarLongPlateGen1157_jpg.rf.65dd9c1f7454ae86c37ba00f77a78548.jpg,51F63034,51F63034
xemay378_jpg.rf.b8ca21ed5b594b0b896e7a8d986f72b8.jpg,/content/work/crops_margin/xemay378_jpg.rf.b8ca21ed5b594b0b896e7a8d986f72b8.jpg,6521319,65S21319
CarLongPlateGen3768_jpg.rf.8049666cc57d7a53d55cb9db593dfa9c.jpg,/content/work/crops_margin/CarLongPlateGen3768_jpg.rf.8049666cc57d7a53d55cb9db593dfa9c.jpg,51F15585,51F15585
quandoi41_jpg.rf.c4299f03ef60948fdfa394c916e5f8f3.jpg,/content/work/crops_margin/quandoi41_jpg.rf.c4299f03ef60948fdfa394c916e5f8f3.jpg,KP4L60,KP4L60
boderquandoi101_jpg.rf.f86b8377e626a43f85a5c2cf72c448be.jpg,/content/work/crops_margin/boderquandoi101_jpg.rf.f86b8377e626a43f85a5c2cf72c448be.jpg,0H32G2,
CarLongPlateGen269_jpg.rf.7eed1215e0a0ec23f63697dcf41f8d16.jpg,/content/work/crops_margin/CarLongPlateGen269_jpg.rf.7eed1215e0a0ec23f63697dcf41f8d16.jpg,2P6544,
pic_458_jpg.rf.ef6e548db4ee345ee60733409ef31f70.jpg,/content/work/crops_margin/pic_458_jpg.rf.ef6e548db4ee345ee60733409ef31f70.jpg,09999A,59A99999
CarLongPlateGen1711_jpg.rf.a4d1f5b4a806aa43ae4b24f3f979c83e.jpg,/content/work/crops_margin/CarLongPlateGen1711_jpg.rf.a4d1f5b4a806aa43ae4b24f3f979c83e.jpg,51F98270,51F88270
CarLongPlateGen3687_jpg.rf.b793586fa5e09638b995ee36b43e431c.jpg,/content/work/crops_margin/CarLongPlateGen3687_jpg.rf.b793586fa5e09638b995ee36b43e431c.jpg,51F20754,51F20754
CarLongPlate296_jpg.rf.300bbd1160d37530d56d9c8bed98254d.jpg,/content/work/crops_margin/CarLongPlate296_jpg.rf.300bbd1160d37530d56d9c8bed98254d.jpg,51F59011,51F59011
CP_Blog_Image_2018_License_EVSROCK_jpg.rf.b81bbafe4353ad393794555c1f320cac.jpg,/content/work/crops_margin/CP_Blog_Image_2018_License_EVSROCK_jpg.rf.b81bbafe4353ad393794555c1f320cac.jpg,EV3R0CK,EVSROCK
pic_529_jpg.rf.21c85a4c3d232ac0aeba4c8318e7ee30.jpg,/content/work/crops_margin/pic_529_jpg.rf.21c85a4c3d232ac0aeba4c8318e7ee30.jpg,666,666
CarLongPlate263_jpg.rf.5e63ca7f3f8452cd7cfc90f9cdc2160b.jpg,/content/work/crops_margin/CarLongPlate263_jpg.rf.5e63ca7f3f8452cd7cfc90f9cdc2160b.jpg,52Y6490,52YG490
CarLongPlateGen1773_jpg.rf.ad858d1012648be1e04fcd7f47fc5949.jpg,/content/work/crops_margin/CarLongPlateGen1773_jpg.rf.ad858d1012648be1e04fcd7f47fc5949.jpg,51A69172,51A69172